AgentType; Title; Email; Phone; Logo; Address; Priority
МКК; МонтажОрионУрал; pzaitev@blokin.org; (35222) 67-39-26; \agents\agent_96.png; 027573 Тамбовская область город Коломна ул. Ленина 20; 50
МКК; МетизСтрой; kristina.pakomov@burova.ru; 8-800-172-62-56; \agents\agent_94.png; 254238 Нижегородская область город Павловский Посад проезд Балканская 23;374
ОАО; РадиоСевер; maiy.belov@rogov.ru; (495) 368-86-51; \agents\agent_123.png; 491360 Московская область город Одинцово въезд Ленина 19; 431
ООО; Компания КазАлмаз; irina.gusina@vlasova.ru; 8-800-533-24-75; \agents\agent_80.png; 848810 Кемеровская область город Лотошино пер. Ломоносова 90; 396
ООО; Компания СервисРадиоГор; nika.nekrasova@kovalev.ru; 8-800-676-32-86; \agents\agent_40.png; 547196 Ульяновская область город Серебряные Пруды въезд Балканская 81; 169
ЗАО; ВодТверьХозМашина; tkrylov@baranova.net; +7 (922) 849-91-96; \agents\agent_56.png; 145030 Сахалинская область город Шатура въезд Гоголя 79;8
ОАО; Тех; vasilisa99@belyev.ru; +7 (922) 427-13-31; \agents\agent_61.png; 731935 Калининградская область город Павловский Посад наб. Гагарина 59; 278
ООО; ТверьМетизУралСнос; rlazareva@novikov.ru; (35222) 57-92-75; \agents\agent_109.png; 880551 Ленинградская область город Красногорск ул. Гоголя 61; 165
ЗАО; МясРеч; bkozlov@volkov.ru; 8-800-453-63-45; \agents\agent_58.png; 903648 Калужская область город Воскресенск пр. Будапештсткая 91; 355
ЗАО; Флот; gerasim.makarov@kornilov.ru; 8-800-144-25-38; \agents\agent_87.png; 505562 Тюменская область город Наро-Фоминск пр. Косиора 11;473
ЗАО; CибПивОмскСнаб; evorontova@potapova.ru; +7 (922) 153-95-22; \agents\agent_46.png; 816260 Ивановская область город Москва ул. Гагарина 31; 477
ЗАО; ЦементАсбоцемент; polykov.veronika@artemeva.ru; (495) 184-87-92; ; 619540 Курская область город Раменское пл. Балканская 12; 426
ЗАО; ТелеГлавВекторСбыт; nsitnikov@kovaleva.ru; (35222) 56-15-37; \agents\agent_31.png; 062489 Челябинская область город Пушкино въезд Бухарестская 07; 185
ОАО; Инфо; arsenii.mikailova@prokorov.com; 8-800-793-59-97; \agents\agent_89.png; 100469 Рязанская область город Ногинск шоссе Гагарина 57;304
ЗАО; ЭлектроРемОрионЛизинг; anfisa.fedotova@tvetkov.ru; (495) 519-97-41; \agents\agent_68.png; 594365 Ярославская область город Павловский Посад бульвар Космонавтов 64; 198
ООО; Компания ТелекомХмельГаражПром; qkolesnikova@kalinina.ru; (812) 983-91-73; \agents\agent_71.png; 126668 Ростовская область город Зарайск наб. Гагарина 69;457
ООО; Компания Алмаз; akalinina@zaitev.ru; +7 (922) 688-74-22; \agents\agent_121.png; 016215 Воронежская область город Зарайск ул. Косиора 48;259
ОАО; МясТрансМоторЛизинг; vlad.sokolov@andreev.org; +7 (922) 676-34-94; \agents\agent_62.png; 765320 Ивановская область город Шатура спуск Гоголя 88; 268
МФО; Монтаж; zakar.sazonova@gavrilov.ru; (495) 867-76-15; ; 066594 Магаданская область город Шаховская спуск Сталина 59;300
ООО; ВостокГлав; gordei95@kirillov.ru; (812) 949-29-26; \agents\agent_63.png; 217022 Ростовская область город Озёры ул. Домодедовская 19;107
МФО; Газ; ulyna.antonov@noskov.ru; (35222) 22-45-58; \agents\agent_76.png; 252821 Тамбовская область город Пушкино ул. Чехова 40; 170
ОАО; ЭлектроТранс; boleslav.zukova@nikiforova.com; (812) 342-24-31; \agents\agent_91.png; 434616 Калининградская область город Павловский Посад пл. Ладыгина 83; 228
ОАО; Электро; likacev.makar@antonov.ru; 8-800-714-36-41; \agents\agent_93.png; 966815 Новгородская область город Одинцово пр. Космонавтов 19;366
МКК; Гор; maiy12@koklov.net; (495) 973-48-55; \agents\agent_52.png; 376483 Калужская область город Сергиев Посад ул. Славы 09; 175
ООО; Компания Гараж; asiryeva@andreeva.com; +7 (922) 848-38-54; \agents\agent_66.png; 395101 Белгородская область город Балашиха бульвар 1905 года 00; 413
ПАО; ОрионГлав; sermakova@sarova.net; +7 (922) 684-13-74; \agents\agent_106.png; 729639 Магаданская область город Талдом въезд Будапештсткая 98;482
МФО; ГлавITФлотПроф; savva.rybov@kolobov.ru; (812) 146-66-46; \agents\agent_64.png; 447811 Мурманская область город Егорьевск ул. Ленина 24; 62
ПАО; ТверьМонтажОмск; dteterina@selezneva.ru; 8-800-363-43-86; \agents\agent_128.png; 761751 Амурская область город Балашиха шоссе Гоголя 02;272
ОАО; РемСантехОмскБанк; anisimov.mark@vorobev.ru; (812) 182-44-77; \agents\agent_57.png; 289468 Омская область город Видное пер. Балканская 33;442
ОАО; ЭлектроМоторТрансСнос; inessa.voronov@sidorova.ru; (35222) 43-62-19; ; 913777 Самарская область город Красногорск ул. Бухарестская 49;151
МКК; ТверьХозМорСбыт; marina58@koroleva.com; (495) 416-75-67; \agents\agent_117.png; 252101 Ростовская область город Дорохово пер. Ленина 85; 207
ООО; Компания ТомскХоз; nelli11@gureva.ru; +7 (922) 849-13-37; \agents\agent_115.png; 861543 Томская область город Истра бульвар Славы 42; 464
ООО; Компания МясДизайнДизайн; gleb.gulyev@belyeva.com; (812) 535-17-25; \agents\agent_53.png; 557264 Брянская область город Серпухов въезд Гоголя 34; 491
ООО; Компания ЖелДорТверьМонтаж; burova.zlata@zueva.ru; (495) 521-61-75; \agents\agent_85.png; 152424 Рязанская область город Сергиев Посад ул. 1905 года 27; 2
ООО; МетизТехАвтоПроф; anastasiy.gromov@samsonova.com; (495) 581-42-46; \agents\agent_33.png; 713016 Брянская область город Подольск пл. Домодедовская 93;321
МФО; Гараж; antonin51@korolev.com; (35222) 54-72-59; \agents\agent_90.png; 585758 Самарская область город Красногорск бульвар Балканская 13;107
МКК; ГазДизайнЖелДор; elizaveta.komarov@rybakov.net; (495) 797-97-33; \agents\agent_49.png; 695230 Курская область город Красногорск пр. Гоголя 64;236
ОАО; РемГаражЛифт; novikova.gleb@sestakov.ru; 8-800-772-27-53; \agents\agent_65.png; 048715 Ивановская область город Люберцы проезд Космонавтов 89;374
МФО; СантехБашкир; nikodim81@kiseleva.com; +7 (922) 155-87-39; \agents\agent_99.png; 180288 Тверская область город Одинцово ул. Бухарестская 37; 369
МКК; ЮпитерЛенГараж-М; larkipova@gorbunov.ru; (495) 327-58-25; \agents\agent_48.png; 339507 Московская область город Видное ул. Космонавтов 11; 470
ЗАО; ОрионСофтВодСнос; isukanov@sobolev.com; (35222) 59-75-11; \agents\agent_97.png; 577227 Калужская область город Павловский Посад наб. Чехова 35; 361
ОАО; КазХоз; istrelkova@fomin.ru; +7 (922) 728-85-62; нет; 384162 Астраханская область город Одинцово бульвар Гагарина 57;213
ПАО; БухВжух; valentina.bolsakova@aksenova.ru; (495) 367-21-41; ; 481744 Амурская область город Щёлково пл. Сталина 48;327
ОАО; ХозЮпитер; jisakova@nazarova.com; +7 (922) 332-48-96; \agents\agent_114.png; 038182 Курганская область город Москва спуск Космонавтов 16; 375
МФО; ВостокКазРыб; flukin@misin.org; (495) 987-31-63; \agents\agent_112.png; 059565 Оренбургская область город Истра шоссе Домодедовская 27;361
ЗАО; ЦементКрепТех-М; yna.evdokimov@gordeeva.ru; (812) 838-79-58; \agents\agent_82.png; 263764 Свердловская область город Раменское пер. Косиора 28; 189
МФО; Строй; soloveva.adam@andreev.ru; (812) 447-45-59; ; 763019 Омская область город Шатура пл. Сталина 56; 12
ЗАО; БашкирЮпитерТомск; dyckov.veniamin@kotova.ru; (812) 189-59-57; \agents\agent_59.png; 035268 Сахалинская область город Волоколамск проезд Ладыгина 51; 139
ООО; Компания КазМеталКазань; mmoiseev@teterin.ru; (495) 685-34-29; \agents\agent_130.png; 532703 Пензенская область город Чехов наб. Чехова 81;252
ООО; Компания Газ; alina56@zdanov.com; (35222) 75-96-85; \agents\agent_120.png; 310403 Кировская область город Солнечногорск пл. Балканская 76;445
ООО; Компания Монтаж; afanasev.anastasiy@muravev.ru; (35222) 92-45-98; \agents\agent_75.png; 036381 Брянская область город Кашира бульвар Гагарина 76; 124
ЗАО; СервисХмельМонтаж; galina31@melnikov.ru; +7 (922) 344-73-38; \agents\agent_92.png; 928260 Нижегородская область город Балашиха пл. Косиора 44; 124
ОАО; ВодГараж; pmaslov@fomiceva.com; +7 (922) 363-86-67; \agents\agent_67.png; 988899 Саратовская область город Раменское пр. Славы 40; 250
МКК; CибГаз; inna.sarova@panfilov.ru; (495) 945-37-25; \agents\agent_103.png; 365674 Архангельская область город Серебряные Пруды пр. Ленина 29; 488
МКК; БашкирФлотМотор-H; morozova.nika@kazakova.ru; (495) 793-84-82; \agents\agent_36.png; 008081 Тюменская область город Ногинск въезд Гагарина 94; 416
ПАО; МеталСервисМор; xdanilov@titov.ru; (35222) 91-28-62; нет; 293265 Иркутская область город Клин пр. Славы 12; 475
ЗАО; Рем; zanna25@nikiforova.com; (495) 987-88-53; \agents\agent_79.png; 707812 Иркутская область город Шаховская ул. Гагарина 17;329
ООО; СантехСеверЛенМашина; pgorbacev@vasilev.net; (812) 918-88-43; \agents\agent_74.png; 606990 Новосибирская область город Павловский Посад въезд Домодедовская 38; 201
ООО; Цемент; panova.klementina@bobrov.ru; 8-800-517-78-47; \agents\agent_54.png; 084315 Амурская область город Шаховская наб. Чехова 62; 340
ЗАО; Вод; savva86@zaiteva.ru; (495) 142-19-84; \agents\agent_129.png; 964386 Оренбургская область город Чехов пл. Косиора 80; 359
ПАО; Орион; aleksei63@kiselev.ru; 8-800-621-61-93; \agents\agent_77.png; 951035 Ивановская область город Ступино шоссе Космонавтов 73; 166
ОАО; СтройГорНефть; lysy.kolesnikova@molcanova.com; (812) 385-21-37; \agents\agent_37.png; 444539 Ульяновская область город Лотошино спуск Будапештсткая 95; 161
ООО; Компания Хмель; ermakov.mark@isakova.ru; (812) 421-77-82; ; 889757 Новосибирская область город Раменское бульвар 1905 года 93; 2
ООО; Компания ВодАлмазIT; zakar37@nikolaeva.ru; (35222) 52-76-16; \agents\agent_111.png; 302100 Нижегородская область город Мытищи пер. 1905 года 63; 31
ПАО; БашкирРечТомск; aleksandra77@karpov.com; 8-800-254-71-85; \agents\agent_100.png; 136886 Амурская область город Видное въезд Космонавтов 39; 84
ЗАО; СофтРосБух; ivanova.antonin@rodionov.ru; +7 (922) 445-69-17; \agents\agent_124.png; 747695 Амурская область город Сергиев Посад въезд Бухарестская 46; 69
МКК; ТелекомЮпитер; kulikov.adrian@zuravlev.org; (812) 895-67-23; \agents\agent_81.png; 959793 Курская область город Егорьевск бульвар Ленина 72; 302
ЗАО; УралСтройХмель; aleksandr95@kolobova.ru; (35222) 39-23-65; \agents\agent_113.png; 462632 Костромская область город Шаховская шоссе Сталина 92;372
МФО; АсбоцементТехАвто; matveev.yliy@kiseleva.ru; +7 (922) 977-68-84; \agents\agent_110.png; 304975 Пензенская область город Солнечногорск шоссе Балканская 76; 247
ООО; Компания ФинансСервис; robert.serbakov@safonova.ru; (812) 878-42-71; \agents\agent_38.png; 841700 Брянская область город Серпухов спуск Домодедовская 35; 395
ОАО; Софт; jterentev@ersov.com; (35222) 12-82-65; \agents\agent_122.png; 453714 Смоленская область город Одинцово спуск Косиора 84; 292
ОАО; ТелекомГор; gorskov.larisa@kalinin.com; (35222) 78-93-21; \agents\agent_98.png; 210024 Белгородская область город Сергиев Посад наб. Ломоносова 43;255
ПАО; РемСтрем; rafail96@sukin.ru; (35222) 55-28-24; \agents\agent_116.png; 373761 Псковская область город Наро-Фоминск наб. Гагарина 03; 88
ООО; Лифт; zinaida01@bespalova.ru; (812) 484-92-38; \agents\agent_101.png; 479565 Курганская область город Клин пл. Ленина 54; 92
ООО; Компания МоторТелекомЦемент-М; larisa44@silin.org; (812) 857-95-57; \agents\agent_118.png; 021293 Амурская область город Наро-Фоминск шоссе Славы 40; 237
ОАО; ЮпитерТяжОрионЭкспедиция; gblokin@orlov.net; (35222) 95-63-65; \agents\agent_44.png; 960726 Томская область город Орехово-Зуево въезд 1905 года 51; 446
МФО; Транс; artem.fadeev@polykov.com; 8-800-954-23-89; \agents\agent_127.png; 508299 Кемеровская область город Кашира пер. Гагарина 42; 38
ОАО; РемВод; komarov.elizaveta@agafonova.ru; +7 (922) 353-31-72; \agents\agent_126.png; 449723 Смоленская область город Наро-Фоминск пер. Ломоносова 94; 1
ПАО; АсбоцементЛифтРеч-H; vladlena58@seliverstova.ru; (495) 245-57-16; \agents\agent_105.png; 599158 Ростовская область город Озёры ул. Космонавтов 05; 407
ООО; РосАвтоМонтаж; lapin.inessa@isaeva.com; (495) 445-97-76; \agents\agent_55.png; 331914 Курская область город Ногинск спуск Ладыгина 66; 10
ООО; Компания СервисТелеМотор; veronika.egorov@bespalova.com; +7 (922) 461-25-29; \agents\agent_102.png; 625988 Вологодская область город Озёры пр. Гоголя 18; 81
ПАО; ФинансТелеТверь; medvedev.klim@afanasev.com; (812) 115-56-93; \agents\agent_45.png; 687171 Томская область город Лотошино пл. Славы 59; 100
ОАО; ВодГор; tvetkova.robert@sorokin.com; (35222) 73-72-16; \agents\agent_125.png; 265653 Калужская область город Ступино шоссе Гоголя 89;72
ОАО; ТяжРадиоУралПроф; liliy62@grisina.ru; +7 (922) 885-66-15; \agents\agent_88.png; 521087 Орловская область город Егорьевск шоссе Ладыгина 14; 278
ОАО; ГаражЛофт; lydmila.belyeva@karpov.ru; (495) 427-55-66; \agents\agent_108.png; 294596 Мурманская область город Шаховская пр. Домодедовская 88;335
ОАО; ITСтройАлмаз; fokin.eduard@samoilov.com; 8-800-185-78-91; \agents\agent_83.png; 361730 Костромская область город Волоколамск шоссе Славы 36;159
ООО; Асбоцемент; antonin19@panfilov.ru; 8-800-211-16-23; \agents\agent_34.png; 030119 Курганская область город Дмитров пер. Славы 47;273
ЗАО; ТекстильУралАвтоОпт; hkononova@pavlova.ru; (35222) 98-76-54; ; 028936 Магаданская область город Видное ул. Гагарина 54; 176
ООО; Компания КрепЦемент; rusakov.efim@nikiforov.ru; (812) 963-77-87; \agents\agent_50.png; 423477 Мурманская область город Кашира бульвар Домодедовская 61; 426
ОАО; КазаньТекстиль; osimonova@andreeva.com; (35222) 86-74-21; \agents\agent_47.png; 231891 Челябинская область город Шатура бульвар Ладыгина 40; 156
ОАО; КазЮпитерТомск; tgavrilov@frolov.ru; +7 (922) 772-33-58; \agents\agent_60.png; 393450 Тульская область город Кашира пр. 1905 года 47; 244
МФО; Бух; belova.vikentii@konstantinova.net; +7 (922) 375-49-21; \agents\agent_78.png; 409600 Новгородская область город Ногинск пл. Гагарина 68; 82
ПАО; Радио; rtretykova@kozlov.ru; 8-800-897-32-78; \agents\agent_43.png; 798718 Ленинградская область город Пушкино бульвар Балканская 37; 221
ЗАО; Креп; savina.dominika@belousova.com; (495) 217-46-29; \agents\agent_39.png; 336489 Калининградская область город Можайск наб. Славы 35; 371
ОАО; Мобайл; dsiryev@dementeva.com; 8-800-618-73-37; \agents\agent_107.png; 606703 Амурская область город Чехов пл. Будапештсткая 91; 464
МКК; CибБашкирТекстиль; vzimina@zdanova.com; (495) 285-78-38; \agents\agent_69.png; 429540 Мурманская область город Воскресенск пл. Славы 36;218
МКК; МеталТекстильЛифтТрест; muravev.trofim@sazonov.net; (812) 753-96-76; \agents\agent_86.png; 786287 Свердловская область город Волоколамск пер. Будапештсткая 72; 425
ПАО; ОрионТомскТех; faina.tikonova@veselov.com; +7 (922) 542-89-15; \agents\agent_119.png; 738763 Курская область город Егорьевск спуск Чехова 66;73
ПАО; ЖелДорДизайнМетизТраст; lnikitina@kulikova.com; (812) 123-63-47; ; 170549 Сахалинская область город Видное проезд Космонавтов 89; 290
ОАО; БухМясМоторПром; varvara49@savin.ru; (35222) 83-23-59; \agents\agent_95.png; 677498 Костромская область город Зарайск спуск Славы 59;158
